id,t0d0,t0d1,t1d0,t1d1,t2d0,t2d1,t3d0,t3d1,t4d0,t4d1,t5d0,t5d1,t6d0,t6d1,t7d0,t7d1,t8d0,t8d1,t9d0,t9d1,t10d0,t10d1,t11d0,t11d1,t12d0,t12d1,t13d0,t13d1,t14d0,t14d1,t15d0,t15d1,t16d0,t16d1,t17d0,t17d1,t18d0,t18d1,t19d0,t19d1,t20d0,t20d1,t21d0,t21d1,t22d0,t22d1,t23d0,t23d1,t24d0,t24d1,t25d0,t25d1,t26d0,t26d1,t27d0,t27d1,t28d0,t28d1,t29d0,t29d1
200^60000^sgd-0,-71.204605,-201.2786,-70.518135,-198.05652,-69.344635,-191.19643,-67.42101,-179.48027,-63.57726,-163.01979,-58.37446,-147.44829,-55.23776,-131.89192,-54.59173,-116.53327,-55.94403,-100.92088,-59.369236,-83.51485,-66.01095,-62.10962,-71.75122,-35.985744,-78.2059,-7.197686,-86.46008,24.037367,-93.86707,58.337692,-100.67714,96.319016,-113.741714,125.526596,-150.82104,161.53195,-153.77792,151.0491,-128.83315,158.78024,-107.19192,151.76425,-76.95641,130.81813,0.6884546,125.58763,54.96759,103.73281,86.385345,71.79653,119.51639,41.733723,151.09221,17.451273,180.7622,-2.5582786,202.75261,-15.289787,214.12086,-18.902164
200^60000^sgd-1,14.127169,174.34537,12.930104,174.90472,14.484957,176.5039,15.79418,183.57759,7.4582996,198.46922,12.999506,198.68849,23.400976,203.07237,38.57146,187.46495,57.079502,181.84428,86.36078,171.15887,122.08214,169.57965,153.73419,169.15453,181.08945,162.16115,196.49593,155.56958,204.57964,149.04094,215.2582,149.65953,219.2904,140.86917,193.69101,111.58179,171.78699,85.487335,129.6804,48.201847,91.88655,-11.976559,41.034176,-13.360375,-5.7110424,-48.384834,-48.719303,-74.949684,-86.06641,-90.63879,-119.3586,-94.22348,-141.68494,-93.4594,-158.51581,-94.34489,-170.01773,-95.926834,-175.28984,-96.71071
200^60000^sgd-2,294.2493,-213.43488,294.95624,-211.28734,296.51172,-207.04163,298.8198,-200.8224,301.54855,-192.78633,304.93433,-183.07234,308.9537,-171.86055,313.23944,-159.23625,317.59164,-145.61034,322.33118,-131.13919,327.71625,-115.895164,337.1401,-101.71194,358.74084,-92.82356,388.58728,-90.34102,397.0244,-84.79605,406.3344,-81.66583,424.83145,-74.319695,414.76498,-56.88556,415.6167,-45.549347,392.09625,-24.893675,863.469,50.398766,1825.8333,182.31294,808.1643,91.103806,294.37515,50.905807,286.45547,60.521072,283.56604,66.69718,281.71243,71.52402,280.44537,75.16979,279.73264,77.674225,279.53577,78.990906
200^60000^sgd-3,608.9558,167.57762,607.1511,164.58401,602.6499,158.51851,593.7326,148.8365,581.232,135.4541,568.34375,121.58685,552.40924,106.20325,533.60266,87.95078,513.9264,68.45603,489.5741,38.271877,463.07404,-0.83362675,434.93967,-40.82056,406.83563,-75.814026,378.49643,-119.13278,351.4123,-150.2532,323.67368,-178.60506,298.81216,-199.15234,279.11108,-208.34209,262.672,-211.42485,249.4985,-209.63599,241.28983,-194.66159,233.01404,-186.14894,228.53827,-173.39384,226.19736,-154.44016,224.49344,-143.11812,224.24448,-135.60403,226.5312,-131.61061,228.09691,-127.69173,227.58777,-119.99037,224.81459,-121.37535
200^60000^sgd-4,-178.23923,70.86225,-179.64462,68.91582,-182.37321,64.195595,-185.45358,54.180176,-180.85725,36.60742,-167.01103,21.91523,-148.14215,5.4234476,-121.41307,-10.594145,-92.494,-25.049519,-59.632206,-56.72113,-41.294838,-48.590508,-21.952427,-60.857666,-4.5784144,-70.80156,13.94586,-78.66605,28.405756,-82.94366,44.635323,-84.866005,50.28141,-86.63838,70.80535,-75.7621,84.43497,-71.195984,99.28781,-63.26915,109.58997,-52.473545,122.56626,-47.56846,135.09589,-49.022644,148.69221,-51.404293,150.09525,-60.48608,152.44235,-68.533226,148.56064,-68.2477,146.75891,-67.77503,148.6759,-71.84711,150.717,-74.87924
200^60000^sgd-5,-47.369686,-155.88597,-45.39414,-157.39586,-41.831013,-160.91444,-37.295536,-167.2364,-34.86716,-176.9447,-35.567837,-186.19423,-37.262474,-195.73178,-40.58617,-203.97046,-45.10224,-210.21002,-50.38543,-215.34859,-56.98494,-218.98752,-66.060776,-221.08702,-67.292404,-219.9748,-68.2862,-219.89108,-67.83166,-214.89005,-66.95496,-208.26027,-64.12457,-182.35828,-76.203415,-152.83423,-103.95532,-95.08388,-333.54892,64.23088,-598.6595,250.30199,-420.384,237.98074,-617.3693,375.27084,-357.15585,322.0794,-146.79926,274.67908,-122.83285,297.75977,-119.64768,309.03882,-116.36811,313.21902,-113.555626,314.84637,-110.73381,308.1882
200^60000^sgd-6,-280.042,216.49806,-279.90656,216.32184,-279.72446,215.92464,-279.59683,215.14522,-279.4169,213.56953,-278.83926,210.59691,-277.96838,206.27449,-275.4751,199.78506,-270.15436,190.95312,-261.96494,180.83546,-251.15001,170.37898,-238.55482,159.43193,-223.82251,147.69487,-206.00737,133.48851,-185.06555,117.647606,-161.78099,102.4335,-137.06883,87.01925,-492.71912,103.06949,-1226.5831,151.84663,-416.43127,97.37137,4.3930426,70.860115,26.911568,56.376083,58.80801,54.074776,89.36575,59.205273,118.45924,61.7247,140.48918,65.885445,156.84229,68.275955,169.49956,69.7728,178.61794,71.23156,183.59659,71.51165
200^60000^sgd-7,204.8719,-161.2915,208.6412,-162.02975,214.67953,-163.84482,218.42802,-165.04974,220.44263,-165.65768,220.28032,-166.32837,214.2284,-165.47202,204.3021,-165.32594,188.35405,-163.59653,177.72525,-155.41,160.59196,-167.2451,132.70718,-176.75699,117.04528,-183.61111,103.77679,-184.57936,91.387405,-182.84598,80.708405,-177.27934,18.162243,-107.30316,-103.24418,22.702038,11.457081,-75.2787,64.072105,-116.16052,55.84296,-100.21126,43.597736,-86.69808,27.569118,-72.83693,8.24678,-63.240166,-14.765247,-56.14673,-40.100742,-52.959232,-67.71772,-51.391777,-91.64037,-52.86011,-112.0457,-52.924335,-123.51709,-51.707024
200^60000^sgd-8,45.829487,241.39694,32.988865,232.55157,8.798399,210.27481,-12.308737,189.20311,454.2848,83.39696,1407.3379,-115.01654,398.70755,45.657455,-117.47967,127.03728,-131.61913,132.38023,-141.58362,137.70853,-142.25104,154.9763,-139.62349,160.20665,-127.6935,172.98347,-138.68053,194.21971,-159.12073,179.02686,-182.65192,158.23058,-201.63869,138.4292,-219.87979,121.34328,-237.46257,106.377174,-246.7986,78.1611,-252.25046,48.284874,-245.8632,36.512184,-244.00067,18.395973,-242.47748,1.5742333,-239.15808,-12.672992,-235.61363,-23.91465,-232.41281,-32.604355,-230.32826,-38.368713,-229.41612,-43.027565,-229.5,-45.993214
200^60000^sgd-9,-149.87671,-132.59454,-148.58932,-134.52628,-145.65445,-138.43518,-140.71527,-143.88882,-133.28532,-149.84871,-123.029205,-155.59947,-109.16134,-160.23859,-92.3107,-163.08896,-73.629845,-164.08011,-53.341427,-163.86435,-31.95275,-162.88524,-8.585563,-160.50934,16.692719,-158.18558,41.296535,-156.8974,66.166405,-154.88399,90.21297,-151.66502,110.87319,-153.5089,128.7226,-155.86009,149.20992,-162.8573,155.2367,-170.01324,159.39252,-175.48962,159.98468,-181.94234,160.07481,-187.26343,156.31099,-192.96954,152.88297,-197.60948,148.17902,-201.82674,142.2699,-207.19324,137.2824,-211.03368,133.93846,-214.84041,132.2768,-217.1152
200^60000^adam-0,-275.01437,-423.96405,-268.04425,-415.12112,-261.81116,-410.6376,-242.56638,-386.63855,-226.50836,-370.63663,-207.37256,-351.1929,-190.37968,-336.6169,-174.02487,-323.03818,-154.2763,-302.55133,-137.60934,-286.74564,-124.882576,-279.2163,-113.393005,-276.12003,-102.16775,-275.09503,-93.09268,-275.37262,-89.43675,-277.92545,-90.874306,-282.83548,-89.262695,-288.90295,-91.131645,-294.5493,-97.674355,-297.1191,-94.73252,-296.66714,-94.45299,-294.3291,-82.47123,-292.3627,-73.33379,-288.46985,-53.681084,-282.08084,-33.004528,-273.46625,8.013085,-271.382,36.946842,-269.24658,55.02693,-273.00598,69.505295,-274.97394,79.2946,-276.45346
200^60000^adam-1,-458.74686,85.64911,-444.4306,89.92553,-414.4825,85.49935,-370.17804,85.91311,-316.2626,86.10484,-252.03748,87.29039,-186.16331,86.05756,-116.13405,117.39284,-54.420364,206.86041,-16.033104,198.52567,40.625362,176.8272,92.13586,162.94156,130.66411,130.70311,168.64252,14.899689,187.37338,-36.49131,194.6243,-50.82929,195.03497,-54.523457,191.91283,-57.99241,169.91872,-66.511375,146.00502,-71.28364,169.23763,-43.643463,163.20326,-44.549694,194.1296,-12.335796,223.42087,11.857656,237.95352,8.806198,246.1225,7.0345807,251.32689,7.8039355,255.27127,9.304655,257.8279,10.707706,258.96594,11.809356
200^60000^adam-2,-115.04983,-174.3716,-113.51444,-174.25462,-110.266785,-174.00812,-105.045555,-174.0618,-96.40435,-174.11757,-83.62172,-172.08623,-67.69903,-167.18434,-49.98504,-160.55066,-32.270317,-152.734,-13.722435,-143.83151,5.788921,-134.4452,24.947676,-122.69885,44.351788,-112.06479,66.33369,-98.74563,90.03741,-83.06125,114.55825,-65.62469,140.28732,-54.958008,158.22481,-43.042023,192.1383,-21.081558,230.37418,-17.980429,201.92282,-30.147877,203.16861,-17.213453,183.63936,-63.114807,160.85478,-90.08805,161.28665,-107.63715,167.08598,-116.60242,169.90724,-124.902054,170.28671,-127.40387,179.17764,-125.22605,186.13477,-120.69849
200^60000^adam-3,-229.03879,284.4402,-224.9065,285.323,-216.09291,287.80872,-203.69638,292.06244,-188.05905,296.63864,-166.74855,300.5234,-143.02034,303.3525,-117.40257,304.8859,-91.67012,303.3762,-70.0106,300.8812,-51.703136,289.35175,-44.997936,275.94684,-47.248894,262.7957,-56.718975,249.88824,-69.7292,239.27757,-85.660446,231.45369,-100.05364,229.98787,-126.14979,232.95442,-142.37332,238.7489,-153.14046,246.68068,-162.43411,252.76201,-168.63254,257.47067,-172.13034,262.01282,-172.69734,266.3974,-175.08507,270.19077,-174.23148,273.9763,-172.82904,277.99664,-170.7189,282.22366,-170.5862,286.1833,-170.59656,287.87558
200^60000^adam-4,29.117897,211.70538,39.37969,208.2417,60.59888,213.92749,82.78207,211.18924,108.725334,196.21736,143.59618,178.28435,172.82918,155.07138,198.48265,127.56422,212.05667,97.59081,223.50575,62.952133,410.82697,-183.14752,226.80927,12.812828,225.08713,-1.000515,220.23509,-3.5747309,214.42685,7.756749,207.49901,29.027416,199.65471,61.04169,194.91661,89.061714,192.44914,122.125694,182.80809,150.11494,176.53535,177.9255,170.01285,200.4489,164.58717,221.42642,161.29413,240.96959,158.30986,257.0461,155.4021,270.3935,153.4203,279.85303,151.87549,287.31747,150.74846,293.25247,150.34915,294.75403
200^60000^adam-5,60.828873,-142.15718,59.016712,-140.02794,55.759987,-136.31435,50.73624,-129.90872,42.777843,-118.842064,33.331432,-104.341995,24.847645,-84.70037,20.136805,-56.238552,16.461033,-21.055964,14.53928,16.434967,17.806902,59.33153,21.516462,108.276276,36.423557,154.82823,50.305195,198.03658,63.235176,236.86201,72.82312,270.1672,81.179665,296.33237,88.3976,316.04785,59.99077,330.19855,51.998505,322.65308,39.92699,312.43906,27.883247,292.32593,14.205934,270.82123,0.30899805,248.61935,-17.276615,226.62114,-35.763992,209.47331,-32.551193,199.26347,-33.18335,193.70982,-33.250664,190.23126,-32.604256,189.07741
200^60000^adam-6,210.37976,-298.55527,210.93713,-298.7346,211.73631,-298.8426,213.14154,-299.18933,215.52808,-299.44714,217.86923,-298.40192,219.4648,-296.13727,221.44444,-293.12033,223.48224,-289.26675,223.76884,-282.91055,223.67563,-275.0138,221.68295,-263.9474,215.15715,-250.00485,204.25035,-234.2932,190.27953,-219.98715,173.96019,-206.83128,159.63959,-195.89127,143.14586,-179.79536,126.323395,-162.86111,120.8358,-148.34703,120.96301,-135.26971,115.43489,-124.35428,113.5339,-116.14216,104.016174,-114.00981,100.92178,-116.6377,95.96231,-121.38311,89.802666,-127.41708,81.25882,-132.32762,75.07776,-134.8267,71.28336,-136.18994
200^60000^adam-7,7.995036,121.7046,8.779796,119.366776,9.979492,114.97078,10.499338,107.86513,10.295538,98.774506,8.425458,88.25678,4.174859,75.42359,-9.249393,55.39824,-38.767273,16.621593,-82.003586,-12.95464,-109.722626,-72.99659,-145.17079,-119.88252,-196.14104,-167.5243,-226.88332,-204.71964,-249.84659,-305.95963,-245.71371,-437.87134,-239.96542,-476.31726,-211.74432,-475.1656,-200.05003,-500.04416,-167.0758,-418.4758,-147.57088,-370.83154,-126.43119,-314.82523,-116.75984,-158.64572,-104.94561,-77.41223,-97.27399,-65.92392,-92.65568,-76.41879,-88.048065,-94.64003,-82.831055,-109.55364,-75.70063,-124.26647,-72.408714,-133.93622
200^60000^adam-8,-79.20468,-280.54718,-79.202286,-281.17007,-79.11963,-282.40906,-78.87229,-284.0713,-78.32773,-286.1097,-77.29018,-288.32297,-75.90919,-290.9331,-74.31759,-293.57748,-72.538734,-296.4075,-70.61486,-299.5673,-68.65393,-303.06894,-66.45917,-307.13086,-64.08999,-311.51077,-61.006805,-316.26752,-56.697803,-320.3304,-50.92592,-324.3793,-44.123535,-327.57056,-35.96033,-330.88715,-26.742596,-333.4043,-16.7853,-335.82635,-5.3795366,-338.86475,7.49641,-345.48343,13.748685,-353.2606,19.459837,-360.04785,24.8158,-365.15036,29.73226,-369.78806,33.91661,-373.313,37.157978,-375.61627,39.214584,-377.85205,40.188423,-379.07925
200^60000^adam-9,-122.43425,-20.063969,-127.43916,-21.860756,-136.7366,-24.876848,-148.76631,-28.905113,-162.01486,-33.84613,-176.06728,-39.572624,-191.00473,-45.772575,-206.24556,-51.669025,-221.6138,-57.51018,-237.1469,-62.116528,-252.79402,-64.53047,-269.16992,-65.17633,-287.6271,-66.12499,-305.0785,-69.311226,-321.4667,-71.04308,-336.86435,-71.56272,-350.12863,-70.738365,-360.80914,-68.65536,-368.4079,-65.407,-372.35562,-61.300423,-372.43677,-56.330914,-368.83667,-50.57681,-361.8416,-44.20503,-352.00534,-37.251328,-339.72974,-30.320953,-326.1472,-23.855917,-312.94693,-17.911999,-301.0144,-12.60465,-291.45267,-7.292968,-286.477,-3.5373414
200^6000^sgd-0,-24.933193,-1.7071916,-21.167408,0.38569725,-14.88598,5.562159,-6.1257086,13.718515,5.2271533,23.41616,18.63277,35.546192,33.522217,48.694023,44.54415,63.654587,52.81995,79.11432,61.92389,89.702286,63.953274,102.99819,62.591812,117.18653,50.525745,124.5146,39.413727,133.65092,24.182867,138.53474,4.6242857,132.96313,-17.413366,123.7292,-48.054066,109.14085,-79.29229,87.7664,-105.82282,68.77391,-125.14461,46.8114,-145.95282,24.326654,-160.66759,4.897325,-161.1617,-4.7396593,-157.17357,-9.224417,-151.03807,-11.182371,-142.15489,-9.970579,-133.04991,-7.207028,-124.81921,-2.6944418,-119.27138,0.4706745
200^6000^sgd-1,-348.9472,-72.32813,-348.75134,-70.5703,-347.98346,-67.32434,-347.06464,-62.363876,-345.5781,-55.894394,-343.07312,-48.06777,-339.83527,-38.91933,-335.29092,-28.816488,-329.63394,-17.185022,-322.20367,-4.0884957,-312.0641,10.5865135,-300.11005,25.877615,-285.97046,41.190758,-270.49658,55.530746,-253.47171,68.514015,-235.6993,81.221085,-217.2944,91.75404,-201.8892,102.852036,-191.15257,117.14261,-180.73494,131.84631,-167.54129,136.98366,-150.88689,142.89624,-136.156,149.18375,-125.67259,155.66931,-115.29057,162.8175,-107.55289,168.58368,-102.178406,172.75565,-98.16056,175.72517,-95.5828,178.25029,-94.43407,179.63208
200^6000^sgd-2,-2.7803307,-188.28159,-1.7675998,-189.03409,0.2974189,-190.18799,3.7655466,-191.46976,8.106964,-192.3816,13.113045,-191.6403,20.526585,-191.7162,31.638794,-194.1198,43.36922,-188.28455,51.520164,-168.20311,63.687775,-163.6281,80.0648,-156.81047,89.90103,-134.51933,101.37041,-128.06013,107.076324,-106.10621,109.314995,-85.408104,108.932274,-68.24806,106.33732,-41.56949,101.18729,-6.5497603,88.486496,32.429226,80.34877,71.21801,69.299255,94.72635,53.90501,110.77098,37.800808,122.08889,24.89479,127.07668,10.35261,127.89966,-2.5597076,130.61444,-14.442511,132.28476,-23.827473,132.37714,-29.953709,131.9099
200^6000^sgd-3,49.70481,322.33694,49.979847,320.56512,53.190674,316.18204,57.73785,307.54266,50.68024,302.88345,45.703114,296.3142,41.581085,287.37463,34.142715,275.96765,25.33187,262.0757,15.293441,244.32681,-0.51716197,229.957,-21.386879,219.54417,-46.62036,206.71106,-72.729324,194.43448,-97.046295,179.27054,-122.593475,166.99911,-149.43506,161.83498,-161.94794,155.08495,-120.742325,138.87431,86.81872,18.440948,377.95908,-91.96587,191.19997,-10.551155,392.17862,-102.67001,134.73596,7.8113174,-77.84105,98.67433,-104.38353,109.56468,-105.2431,108.475136,-107.11361,106.96098,-107.90149,106.04767,-107.81929,105.710075
200^6000^sgd-4,-196.78911,210.13046,-196.35884,209.79651,-195.62292,209.242,-194.60431,208.66034,-193.07193,208.02599,-190.83234,207.64995,-187.26942,207.03998,-183.41382,206.51405,-180.66203,206.36398,-180.07272,207.44623,-181.45274,210.68362,-187.00174,212.99974,-188.4638,218.14143,-195.45268,229.53973,-197.35571,242.85426,-201.60634,254.80775,-204.73857,263.505,-206.34431,270.36,-207.53308,278.3969,-207.93631,285.8957,-207.22983,293.2959,-206.1315,300.96643,-204.85435,308.57306,-203.41252,315.9777,-201.87653,321.7018,-200.39822,326.85556,-199.08539,331.26804,-198.12282,334.80402,-197.60262,337.49976,-197.45381,339.16113
200^6000^sgd-5,-411.01343,-103.362946,-410.3378,-101.73953,-409.09503,-98.50652,-407.16122,-94.03148,-404.33875,-88.488174,-400.48926,-82.025925,-395.81976,-75.05128,-389.76886,-67.71068,-381.99527,-60.224392,-372.84875,-52.468224,-362.27408,-44.45929,-350.522,-36.65128,-337.8719,-28.587763,-324.44824,-20.294628,-310.3199,-11.1177635,-296.29422,0.66736543,-282.06793,17.056978,-266.4395,30.770355,-246.40503,47.114697,-225.39511,67.87822,-194.00937,85.311,-182.54305,89.839554,-176.35895,100.245674,-169.5487,110.31229,-163.60295,120.300934,-157.79234,129.44576,-152.50395,137.51959,-148.12828,144.42041,-145.27873,149.47423,-144.05815,152.13805
200^6000^sgd-6,98.222664,92.49225,103.56337,96.89695,113.26,106.41951,123.1863,117.9309,133.35587,131.14241,139.72357,143.79773,153.09718,161.80237,167.2725,180.52402,183.67937,198.47324,194.42642,214.28937,200.43683,226.4489,204.98912,237.8528,206.33113,246.96674,207.39783,255.53627,206.56326,262.69577,205.65434,270.22177,205.94589,278.28775,206.88725,285.39487,208.75244,293.4064,212.70941,302.14856,217.65034,311.3586,222.56175,320.2009,227.18364,328.50723,231.38725,336.30194,235.07437,343.23712,238.30286,349.25208,241.04793,354.34085,243.3469,358.4684,245.06448,361.5582,246.14064,363.31085
200^6000^sgd-7,98.58882,-43.061855,93.18774,-40.09669,82.278564,-34.59277,66.68886,-25.859188,47.297474,-14.24305,23.792555,-0.46890867,-2.1007686,18.049587,-29.92193,38.7694,-53.53589,63.48095,-76.57273,87.477005,-94.235664,112.97248,-111.252205,135.24892,-132.21504,158.20518,-147.83751,180.99141,-142.09213,207.31458,-134.62476,222.06999,-128.43753,222.18997,-110.2195,215.16916,-96.97481,205.83943,-85.38803,193.67285,-77.86941,177.98253,-74.16846,169.71063,-64.434685,150.05583,-57.147484,136.81775,-50.048626,124.09399,-45.469574,112.183846,-41.729855,101.56164,-38.270805,93.3941,-36.2332,87.974236,-35.2737,85.11614
200^6000^sgd-8,204.61658,-205.5944,198.79344,-204.1279,187.87627,-201.5931,173.37506,-199.6705,156.23332,-200.86937,137.8278,-206.44278,120.0055,-215.04335,103.04125,-225.23062,83.89,-236.03613,67.229034,-233.80717,51.234394,-231.95746,33.883316,-227.60695,14.454473,-220.47679,-8.245798,-209.90407,-33.0744,-200.12103,-58.197056,-186.41695,-88.59162,-181.8913,-112.28873,-175.38187,-136.51144,-167.95375,-159.95538,-160.54027,-183.01656,-154.85616,-204.30737,-151.47766,-230.51015,-135.28911,-255.02747,-119.95024,-264.13715,-105.895355,-265.77258,-98.4882,-265.4158,-96.14502,-265.20306,-96.27224,-265.39304,-97.31662,-265.83014,-98.16421
200^6000^sgd-9,-134.60806,213.84334,-134.03511,207.9703,-132.23927,195.3345,-126.02916,179.89485,-113.35015,166.03706,-103.47233,154.47865,-89.98716,144.67256,-77.43275,128.27611,-67.19477,112.33032,-42.318226,95.91054,-24.846615,78.294716,-8.531583,60.880558,6.216324,38.631474,34.657845,-3.3661823,80.89877,-92.74784,111.26656,-109.84211,140.04958,-120.64983,164.84042,-140.51257,187.59787,-149.89359,190.46257,-90.288284,202.06749,-79.78859,220.13489,-90.80278,236.18323,-103.483765,248.86868,-115.00575,258.28217,-126.90811,262.74942,-138.0263,263.5819,-147.9645,262.91183,-157.66405,261.88583,-165.07169,259.46243,-171.57944
200^6000^adam-0,68.96631,-187.43806,70.949875,-185.39806,74.15221,-181.07304,77.05405,-172.79466,78.329796,-160.61462,78.35698,-149.13281,80.066345,-139.70653,79.78992,-126.90521,80.63254,-115.42631,86.66778,-111.487656,90.26267,-104.393295,94.16799,-93.76239,91.45333,-73.885445,88.43943,-35.18125,-739.80347,-771.3103,69.33029,90.778984,47.866043,134.1122,30.255978,174.48575,41.057514,185.60074,38.322334,154.4466,55.133053,141.24129,30.43048,169.07535,41.12057,164.10466,34.610855,177.51067,12.318602,195.02005,-11.976593,211.1611,-55.359787,223.76485,-89.462326,231.87521,-112.50008,239.07053,-123.768234,242.78865
200^6000^adam-1,190.38269,101.970314,188.14543,103.797516,184.04147,104.15285,179.09875,104.642525,174.5597,108.67833,169.28926,110.85484,163.6501,118.101814,158.00337,126.0031,156.43169,139.4271,148.23158,150.56087,141.90872,164.21939,129.99525,177.08911,122.06376,186.57211,114.61718,193.3145,107.45206,200.22821,100.75071,207.6164,94.61618,214.85059,89.193275,221.479,83.86542,227.53629,78.686195,232.93,73.72257,237.38052,68.799286,241.54582,64.15484,244.79716,59.73285,247.2836,55.644913,248.56734,52.091843,248.93033,49.14728,248.94153,46.98112,248.78374,45.50668,248.65105,44.694633,248.65123
200^6000^adam-2,280.33633,52.63927,280.97748,49.2391,282.93326,42.69778,286.83765,33.07509,290.33548,19.844809,289.3275,4.327437,286.00717,-8.71116,289.3513,-27.751762,294.29904,-42.19332,297.665,-57.92595,295.9128,-73.90159,289.49768,-87.58271,284.02762,-91.43856,282.04398,-92.43171,280.1383,-91.26722,277.65872,-88.92533,273.4419,-85.19198,268.05264,-78.02332,262.11588,-71.87393,257.6394,-71.24314,242.22377,-58.00229,230.59201,-44.134186,221.8866,-34.317627,208.8834,-21.384357,198.74715,-3.8860412,195.55594,6.7244196,193.65973,14.601585,189.93045,21.535652,186.39316,21.27722,185.38492,21.113997
200^6000^adam-3,94.345474,-111.54839,88.94222,-109.93625,76.10951,-106.65591,44.409454,-97.55185,12.730919,-92.85477,-28.244572,-81.57951,-71.156425,-69.16513,-109.35503,-57.178585,-149.78926,-47.211716,-185.74469,-38.18878,-217.62712,-29.255522,-242.9674,-18.364815,-261.92255,-5.267974,-271.4203,9.0830765,-275.12653,25.796614,-276.65793,46.07708,-265.1147,56.80867,-246.88843,65.32615,-241.8856,50.915672,-200.15445,71.35255,-180.16702,57.736786,-169.93614,54.993904,-162.71039,55.053715,-157.55907,54.52122,-156.00258,54.38778,-157.08794,54.767735,-158.94781,55.359207,-161.30635,55.966198,-163.68274,56.51672,-165.24405,56.848354
200^6000^adam-4,230.26501,87.55236,229.54843,86.69688,228.28453,82.115715,227.70876,74.849785,227.6735,71.10697,225.72961,65.44363,221.13725,57.423214,216.2699,58.11698,205.99297,56.623512,189.47899,77.243774,167.7773,97.13505,177.53128,88.25677,181.90013,93.93357,172.98431,102.518745,162.02863,104.70515,148.01674,103.00275,138.97513,104.0372,137.88431,102.012535,131.81346,98.05046,116.451065,92.471405,132.06766,99.044785,130.22113,99.03076,124.18105,98.93037,118.45861,99.63486,113.89804,98.30044,110.16367,93.58178,109.09525,88.14704,109.811386,84.28985,110.22624,81.72091,110.51431,79.59661
200^6000^adam-5,861.1086,4.434146,848.9651,8.058071,827.6919,15.149506,798.64276,25.73385,764.38995,38.751083,719.8871,50.537354,674.672,61.48944,627.727,73.24502,576.919,81.55771,524.68335,91.827614,471.80295,98.07236,429.56046,100.49285,381.16064,103.55341,334.17883,101.464355,289.68976,104.85678,239.71501,123.69748,190.7985,119.19218,164.71704,136.504,146.18979,118.632385,152.53854,130.28445,143.35797,136.53972,155.56564,141.73553,176.16327,146.89766,187.60956,149.93118,197.177,152.69905,205.67056,155.36461,210.16772,158.14265,212.33107,160.47615,213.55774,162.04956,214.18982,162.80598
200^6000^adam-6,-90.07749,-56.26157,-91.591125,-55.133972,-94.950195,-53.172264,-100.75462,-50.994476,-110.033394,-51.24368,-118.85154,-56.99103,-128.2942,-64.949745,-137.5783,-75.03599,-143.31136,-84.39712,-150.19157,-92.51938,-157.82184,-100.90399,-167.23778,-109.52782,-162.55986,-127.87604,-159.80443,-146.83913,-154.36407,-165.37053,-147.24716,-183.1963,-138.5763,-199.0225,-125.97619,-212.61461,-109.05148,-222.8096,-89.19552,-229.62556,-66.83845,-233.57033,-41.7962,-234.64745,-16.047264,-233.07283,9.462884,-228.95898,33.18429,-222.71933,53.160824,-212.8622,68.94606,-203.10657,81.135956,-194.92691,89.43928,-188.87875,93.60242,-185.80884
200^6000^adam-7,-53.946117,146.98137,-54.788567,146.43852,-61.269215,142.12428,-68.58737,136.98228,-548.656,228.98473,-1528.856,400.86026,-542.06384,231.78864,-46.599003,148.10051,-46.146908,141.47049,-44.7735,140.36273,-43.717335,132.61253,-41.976753,123.95906,-38.922047,113.20996,-36.298347,103.8775,-33.176094,95.684875,-28.858244,87.45368,-22.753868,84.03418,-23.912273,77.59358,-29.901814,66.053856,-36.63386,61.960796,-44.613403,54.813847,-46.22455,48.644176,-52.378765,38.372772,-59.847527,26.082954,-68.27912,14.539793,-76.19532,3.435304,-82.3461,-6.7393427,-86.10792,-17.00318,-88.64008,-26.730797,-89.523346,-34.143764
200^6000^adam-8,57.830677,119.72986,61.047874,117.70851,69.90996,121.97435,69.37179,128.5559,82.5446,140.6902,88.89824,161.74017,99.22755,176.644,109.33482,198.94077,116.8456,225.19937,107.20336,247.75848,100.59969,269.03223,96.53397,286.93002,91.49856,303.9039,87.82798,316.16693,84.345184,324.95264,81.2849,329.6808,75.455475,331.77536,65.75334,329.453,88.14186,323.6314,85.437836,328.7967,85.466194,331.27975,82.75056,331.50006,79.3624,330.15314,75.83128,328.28726,72.55526,325.99774,69.67375,323.66486,67.117065,321.61932,65.14312,319.81815,63.90313,318.6184,63.29195,318.16412
200^6000^adam-9,99.646484,160.78398,93.36417,166.06615,79.84852,167.31412,69.91575,163.5971,58.08118,162.89165,36.166924,165.27013,8.899192,175.66068,-22.408316,192.8736,-52.89792,198.95079,-82.57652,211.47847,-109.77451,234.5682,-144.88329,254.27126,-188.02676,260.81546,-238.51839,250.15536,-284.6664,235.12038,-328.09424,214.577,-369.88275,186.298,-406.3982,150.36067,-435.87833,108.30299,-456.1466,61.935802,-465.28796,12.320574,-462.64645,-38.336777,-448.25616,-88.04774,-423.76053,-135.47862,-391.4641,-177.76648,-355.538,-215.17249,-318.53152,-246.03108,-286.67953,-267.81348,-263.44147,-283.3072,-250.56248,-290.80374
32^60000^sgd-0,241.12689,197.37526,237.51582,204.07135,227.99129,209.87,214.39873,212.6952,197.82211,220.39246,175.9343,226.35608,150.67664,231.26205,123.37434,230.38297,95.08912,218.74025,86.510574,203.71533,85.57067,182.45454,88.019844,151.78912,98.990005,124.891014,116.00482,92.963104,109.13313,123.03697,153.36438,31.38181,170.11258,12.591143,191.44876,-6.9242344,220.51306,-26.781315,244.52972,-39.705666,262.9333,-51.339115,279.8797,-72.58929,280.04218,-61.45469,286.82138,-74.485054,278.3229,-59.37329,261.98825,-51.684357,256.26498,-54.415886,252.68745,-58.074726,243.26665,-67.43435,236.70116,-73.93935
32^60000^sgd-1,-250.06972,-30.663467,-251.029,-34.112503,-252.90295,-41.071487,-255.56062,-51.342808,-259.01532,-64.93087,-263.38446,-81.642235,-268.5815,-100.27724,-273.61432,-119.05856,-276.37604,-137.8077,-275.97806,-156.60881,-271.23734,-175.45152,-260.89688,-194.68672,-244.9357,-212.0703,-223.09134,-227.47845,-196.1435,-242.30878,-165.51884,-254.47835,-133.86642,-261.59784,-99.87362,-269.11462,-63.0292,-277.9338,-28.283169,-287.71307,6.9305773,-297.17526,39.197975,-306.6463,69.74562,-315.888,95.90187,-318.96353,116.6953,-321.11176,132.95679,-322.73288,145.42838,-324.03625,154.57457,-325.00812,160.63387,-325.66998,163.61787,-325.9832
32^60000^sgd-2,178.95184,296.56293,174.41977,287.47696,171.99504,281.07895,163.92828,264.4075,153.62212,241.99782,145.76788,218.37576,139.65074,193.48378,135.30104,169.84204,128.36748,142.4065,125.35455,111.4677,126.7626,86.04346,125.82944,65.405945,113.326294,56.293068,107.74288,43.83169,88.5878,50.558487,59.664318,64.923256,64.40863,65.5855,35.349663,76.410835,44.793327,70.80026,49.7319,68.96013,49.091446,69.89671,50.802887,72.514595,48.186676,76.893135,44.603554,78.7057,43.018707,87.49982,41.00431,95.483925,36.23574,101.80769,31.778772,106.558426,28.768814,109.85546,27.187164,111.44735
32^60000^sgd-3,45.67917,-85.742096,41.541084,-82.43032,36.049187,-76.83533,40.815395,-73.263115,40.51301,-66.12611,47.762344,-61.441814,53.61631,-53.93779,57.191833,-41.3084,56.070625,-25.80508,51.59449,-8.361734,45.055595,11.54514,36.507725,33.445984,27.280825,57.66023,12.740006,79.81919,-0.88338625,100.55636,-22.136868,119.198975,-43.73384,135.7997,-216.07704,15.477127,-81.62454,157.80978,-100.48961,168.43669,-118.928085,180.45206,-135.99727,187.91603,-142.75331,190.53389,-150.17819,191.67982,-154.28691,191.008,-158.14008,187.17097,-165.30624,182.76736,-173.75291,180.58908,-179.78343,179.5552,-182.87502,178.84473
32^60000^sgd-4,43.348,-240.55249,36.020317,-239.3076,18.486513,-237.35136,-4.697841,-235.22086,-31.032898,-231.89917,-57.761303,-228.06079,-80.982216,-221.63852,-101.30077,-214.55309,-114.46152,-204.93211,-123.3799,-193.86685,-122.32684,-181.25685,-118.82643,-169.90633,-110.91463,-156.92984,-103.389565,-144.94902,-95.269684,-134.71373,-85.82038,-124.64604,-79.13984,-113.25256,-69.20049,-93.30211,-67.10141,-90.75265,-66.32559,-88.11088,-77.59491,-100.43509,-85.35523,-104.36775,-91.15304,-110.65914,-102.61725,-116.45002,-111.720856,-124.90569,-119.93354,-132.67279,-128.96985,-138.54826,-135.77095,-142.71852,-139.9817,-145.68753,-141.1709,-147.89124
32^60000^sgd-5,-13.970647,267.63184,-3.6738482,278.34207,17.686588,305.37064,32.623547,329.9832,43.71174,332.3534,63.14676,347.66824,61.21971,343.44037,56.27909,335.24478,45.262375,313.27927,34.45768,290.12387,-19.781263,201.49225,-59.8166,82.33349,-93.22272,110.87091,-129.30373,101.118195,-153.37363,64.737236,-169.47821,34.878998,-181.55608,8.634083,-189.26291,-11.473102,-198.08054,-30.68846,-205.64748,-50.882904,-211.97395,-69.64317,-218.64436,-87.45515,-225.49635,-101.729,-232.53705,-116.93578,-251.9452,-129.08965,-271.50955,-131.2727,-286.72845,-129.16182,-297.59116,-126.08448,-304.6754,-123.435104,-308.2662,-122.04559
32^60000^sgd-6,-51.561623,216.72627,-58.277225,213.11232,-72.48087,205.44046,-96.992714,194.70038,-127.769714,188.9107,-164.31302,174.89603,-202.45161,158.2902,-240.92563,143.7293,-277.0686,131.62312,-305.27277,121.536804,-328.14764,113.4212,-344.27222,106.95115,-351.2554,103.5032,-357.01544,99.665726,-355.9303,97.25481,-349.20908,95.75668,-346.69763,91.45376,-344.81955,85.55594,-344.03397,78.516525,-344.7093,70.43076,-344.54657,62.08529,-344.96902,53.240875,-347.4528,43.753048,-350.9129,34.08662,-353.9887,24.561304,-356.25208,15.198447,-357.48892,6.152972,-357.77118,-1.724768,-357.75763,-7.4837427,-357.76157,-10.547818
32^60000^sgd-7,-160.96356,280.48672,-161.16032,278.94537,-161.5898,275.8561,-162.69164,271.4138,-165.3142,266.62695,-169.60365,262.7584,-173.8784,260.62454,-176.81694,258.37064,-177.01276,256.88242,-173.1878,254.55745,-168.69708,248.64195,-162.45035,241.23416,-148.55562,238.86052,-131.14493,231.60187,-115.60141,214.94089,-95.71237,200.10176,-75.5643,178.1749,100.14452,265.69327,-19.638828,97.87699,-14.717545,33.957546,-8.277967,5.375651,-5.9590545,-56.373077,0.8676052,-93.14466,5.697793,-121.42312,-1.3210523,-130.35257,-5.0326,-133.49094,-6.952253,-125.72693,-6.788582,-115.3404,-6.4478126,-107.98763,-7.777726,-97.58091
32^60000^sgd-8,167.70619,-21.267742,168.42764,-28.879885,172.76195,-33.29037,177.40077,-44.78208,177.40916,-57.13093,174.08499,-72.85917,162.70444,-77.80441,160.75691,-66.78141,173.04662,-32.247612,196.7574,5.0805597,32.09758,248.35095,224.92392,103.64565,240.93938,168.42082,247.64787,204.61578,256.39532,240.16156,246.42175,242.78166,239.28838,234.3494,212.30794,199.63039,191.97565,161.74911,153.86465,102.52716,97.38723,31.802118,53.10537,-42.826736,2.5548964,-116.967636,-32.17386,-181.4946,-56.547634,-224.57986,-72.7837,-259.62897,-85.611916,-288.1149,-96.53971,-308.8602,-104.02744,-325.06238,-108.13756,-332.9545
32^60000^sgd-9,352.44516,-329.54425,354.63522,-325.83368,359.00238,-318.62537,365.36304,-308.11847,373.39914,-294.52536,382.6853,-278.08908,392.7941,-259.2003,403.07428,-238.23735,412.92508,-215.69475,421.73123,-192.19255,428.86475,-168.3772,433.92017,-145.04286,436.4015,-122.46599,436.49512,-100.23375,432.63135,-78.725815,423.4677,-57.988422,407.49094,-48.10182,391.16867,-40.627083,372.62903,-36.535038,350.64417,-34.27853,323.76938,-31.425364,293.3467,-32.461308,269.3475,-45.037792,238.98318,-51.176186,217.388,-68.27868,198.76059,-82.03297,179.38347,-93.20223,160.70883,-101.37903,149.57513,-110.13021,145.18495,-114.788475
32^60000^adam-0,-256.35364,156.30815,-255.94193,157.51527,-254.83636,159.82887,-252.95132,163.30487,-250.03009,167.80458,-246.13933,173.44536,-241.90918,180.88579,-236.11778,189.6339,-231.64412,199.15031,-228.7626,210.21611,-223.40971,221.74564,-214.8136,234.36853,-205.17505,246.25546,-181.6204,260.94882,-161.55748,270.16006,-141.25974,275.58276,-121.25177,278.15494,-102.25272,278.84033,-85.134125,277.9903,-70.52042,274.8361,-55.45741,272.6465,-49.916702,268.38455,-35.047604,265.4114,-31.7369,261.10934,-26.793808,259.1445,-22.519636,256.30835,-19.748116,252.46564,-19.011415,248.24756,-18.867096,245.1639,-18.946875,243.06577
32^60000^adam-1,151.78348,93.18366,154.63432,82.82772,158.76738,64.85424,163.45238,41.15162,169.5637,12.583568,176.89758,-18.439901,184.36708,-53.57584,189.94434,-92.694626,194.46298,-132.44588,195.14383,-177.55952,192.53607,-219.30676,196.57797,-260.46347,180.04614,-293.31,160.99619,-317.77054,140.30284,-337.19458,117.533615,-355.11804,77.05922,-363.16336,48.854095,-368.15558,29.229084,-370.69434,12.0097475,-370.44574,-1.742477,-366.104,-15.819893,-355.12677,-21.467926,-335.45767,-24.306301,-307.72552,-11.63241,-279.4826,-10.462443,-254.23584,-0.4234705,-237.69562,10.777941,-219.82596,14.483416,-204.65016,14.829346,-196.65309
32^60000^adam-2,-291.45584,-275.95053,-290.7537,-277.01505,-289.06174,-278.90854,-286.40567,-281.6264,-282.67404,-285.0991,-277.77365,-289.20068,-271.58902,-294.1266,-263.62228,-300.057,-253.47438,-307.11218,-241.40561,-314.8707,-227.33519,-322.74725,-211.32996,-331.3568,-193.77414,-339.93134,-175.15216,-347.59006,-155.71346,-354.35672,-136.50064,-359.13608,-117.54158,-361.45856,-99.42384,-360.4452,-82.43306,-355.93567,-66.30641,-348.55615,-50.696995,-339.0872,-34.3166,-326.431,-16.840714,-314.02582,-1.4393059,-310.6612,-0.8843822,-310.74915,0.6776453,-300.7215,5.147087,-286.64767,14.783606,-271.35413,25.041553,-262.5611,29.638742,-256.49484
32^60000^adam-3,-175.04802,-256.90942,-176.28065,-256.24683,-178.75345,-255.5102,-182.23921,-255.58,-186.29248,-255.3513,-190.59897,-254.10577,-195.34828,-254.28194,-199.75784,-253.50327,-203.85133,-253.2342,-207.00117,-252.703,-209.20573,-252.57635,-209.80272,-251.28957,-209.67409,-249.61655,-210.65234,-237.88263,-214.32867,-168.2142,-202.6334,-49.57931,-204.54227,-15.721951,-206.87137,-1.3444991,-201.19254,61.964325,-221.57925,9.833572,-227.8389,14.344009,-223.518,-14.004738,-207.55846,-142.16185,-198.64795,-206.8545,-195.29288,-216.98439,-192.63028,-216.64093,-190.51468,-215.88644,-188.7469,-215.2435,-187.61606,-214.67465,-186.43472,-213.96321
32^60000^adam-4,-205.21875,-174.67244,-207.97566,-175.10764,-212.71632,-175.59442,-218.28822,-176.28084,-223.90544,-177.75536,-228.43524,-180.11513,-231.17085,-183.41786,-231.72578,-187.05266,-230.27754,-190.90463,-226.82214,-194.67288,-221.19165,-198.83632,-214.0878,-200.82326,-208.55411,-197.27592,-199.50629,-192.78662,-192.67183,-179.22664,-185.85735,-155.8956,-168.45312,-134.11806,-143.25809,-119.816986,-121.10718,-99.77325,-87.23785,-87.30877,-45.441887,-68.97823,9.050909,-56.841084,46.381638,-39.32216,82.26907,-39.282722,116.660065,-41.82121,139.21652,-36.77878,154.30933,-36.4741,166.19112,-38.64819,167.94113,-37.29076,164.04156,-36.606266
32^60000^adam-5,-139.65387,18.419828,-137.30658,18.685024,-133.57784,18.535566,-130.00383,18.09252,-127.85247,19.17767,-126.6835,22.633049,-128.34212,29.017136,-134.65802,36.113434,-140.73941,47.380886,-141.95598,61.451878,-142.91515,73.04489,-148.07062,90.72541,-145.33684,105.55452,-143.13373,121.973434,-142.93488,130.82812,-138.97852,136.38016,-133.61774,137.28094,-142.81035,105.64194,-156.76689,123.90821,-173.84953,112.70321,-201.72496,112.56867,-226.67575,107.67782,-241.50375,98.2943,-255.72998,91.69478,-266.66513,85.935,-274.4039,80.65635,-280.11017,76.55356,-284.07394,73.59417,-286.574,71.22286,-287.5585,69.673874
32^60000^adam-6,241.22453,-7.6378174,244.22743,-4.8398967,243.6225,-0.93209344,250.02415,6.9126115,261.3635,18.64256,281.91116,34.112076,305.66354,45.61962,328.56116,55.859844,354.2945,64.35973,380.6211,67.74445,404.78162,67.02379,413.06766,64.067665,419.3198,54.74473,406.0094,44.33583,383.71185,28.570972,356.83466,17.972029,331.1808,45.083183,298.44937,68.972855,240.20012,34.657738,195.58568,39.64349,142.37088,-16.655905,113.61172,-33.170135,309.40265,-483.93427,39.421745,-174.07927,21.459269,-191.03801,8.097288,-198.66415,-2.1356452,-204.40155,-13.66682,-213.06148,-15.997752,-219.53928,-15.659146,-221.60619
32^60000^adam-7,-98.68466,326.819,-99.72708,325.02792,-101.6299,321.01147,-104.1308,314.65805,-107.13375,306.08987,-110.40286,294.93924,-113.90733,281.9124,-119.28208,268.67136,-123.30048,256.69843,-127.17782,243.16904,-131.09468,227.80957,-131.1134,213.05663,-135.16713,201.20593,-125.03213,182.51697,-135.51242,185.70122,-150.3897,192.61519,-160.26956,195.95665,-171.00966,197.01291,-180.35593,195.56734,-191.2386,192.79941,-200.23157,189.54005,-208.76642,186.41736,-217.11565,184.09229,-224.87341,181.6543,-230.81902,177.96822,-234.00044,174.13974,-236.08224,171.18578,-237.61792,168.9408,-238.57686,167.26381,-238.77322,166.2
32^60000^adam-8,191.65076,-106.66169,187.74869,-102.68258,178.69577,-94.7242,166.59818,-84.48905,155.77754,-71.14097,145.00185,-53.87651,140.60054,-40.102802,140.42915,-60.927216,144.77261,-145.84094,138.12079,-144.5625,135.68512,-126.039986,155.06587,-105.21605,160.65254,-85.889336,159.54929,36.762764,150.70967,71.7973,146.6039,70.94504,140.32161,67.25587,125.30829,70.22342,125.26942,66.150276,113.77204,66.65429,117.434006,60.886402,114.51293,50.081062,108.638084,41.368935,102.905235,31.45803,95.02015,20.411436,86.77739,5.5634184,72.44284,-11.603779,54.33804,-18.816803,41.13288,-20.620918,34.614513,-20.539333
32^60000^adam-9,-290.3784,27.14781,-288.67072,26.62766,-285.01474,25.431122,-279.5432,23.578184,-272.58133,21.216406,-264.47186,18.58236,-255.01483,15.739653,-244.1039,12.376357,-232.12184,8.736158,-218.60182,4.6766453,-203.63916,-0.09649712,-188.4879,-6.972344,-172.60995,-12.3052635,-156.60077,-16.153555,-140.86548,-17.688194,-118.50265,-14.903201,-85.115845,-3.6926036,-61.95825,-36.042286,-20.362576,-204.25946,-1.0755768,-183.8037,16.990213,-200.2691,-8.81798,-33.909523,-2.7971606,0.71984494,12.947567,2.84586,29.89287,7.560707,47.39872,16.22667,67.6682,21.5259,80.9589,17.657206,87.581894,13.64843,90.074745,11.34963
32^6000^sgd-0,300.2422,141.83693,299.6833,141.1525,298.72333,139.77682,297.46545,137.66498,295.86105,134.80907,293.76257,131.23402,291.08954,127.00397,287.49338,121.96952,283.55585,116.27503,279.99,110.743774,276.00436,104.43998,270.6644,95.686356,264.23517,85.934746,256.4772,76.26568,247.68657,65.64682,242.22978,54.3613,221.16876,44.679203,197.66846,39.119476,173.61455,30.420311,150.39648,20.59713,122.9819,18.197073,94.37713,22.841759,71.597336,26.14775,52.35004,32.91399,37.080444,40.579067,24.88707,45.21216,17.183964,47.779297,12.484759,49.67668,9.595676,51.09622,8.344859,51.670414
32^6000^sgd-1,-195.29294,136.50394,-196.08556,135.49442,-197.79457,133.79411,-200.14204,130.9805,-203.00783,126.620674,-206.8229,122.42795,-210.60005,116.16378,-212.79335,109.304375,-214.71341,101.621574,-216.72456,93.977165,-217.91714,85.45321,-218.80925,77.10656,-219.01225,68.97498,-218.40282,61.169655,-217.22095,53.81108,-216.825,46.86331,-219.33284,43.332478,-210.77512,43.017548,-210.61581,45.417194,-209.37386,49.212154,-210.99976,67.47095,-203.79704,101.06272,-201.30983,126.99438,-197.99644,150.05383,-193.6087,171.59933,-190.60648,191.14708,-186.0443,206.4751,-179.95348,214.93124,-175.42195,216.92361,-174.2115,217.5873
32^6000^sgd-2,156.38284,-232.32158,155.93431,-232.66533,155.2647,-233.31714,154.58115,-234.50847,154.0771,-236.39883,153.74486,-238.55722,154.59058,-240.83376,156.11943,-243.43619,159.40468,-245.85904,162.54865,-247.6123,163.76176,-246.26646,166.62547,-246.33151,172.3005,-250.43271,179.79205,-257.4565,188.75746,-260.1813,197.1968,-260.50818,203.26529,-260.99094,208.4162,-261.25818,213.77151,-259.92645,220.10622,-256.7729,227.13553,-252.06325,234.7705,-246.07164,243.21014,-238.18933,250.9958,-231.39076,258.16583,-225.34276,264.8419,-220.05354,270.95508,-215.87076,276.19934,-212.9984,280.25687,-211.4583,282.61697,-210.85295
32^6000^sgd-3,273.89734,-62.59116,272.6274,-60.09645,270.8857,-54.780148,264.85846,-49.212593,257.51904,-53.07434,256.72763,-56.86367,256.87918,-59.1326,257.70953,-60.9958,259.953,-61.844124,264.69785,-61.119965,275.55835,-60.685825,292.1368,-62.676105,311.17108,-74.91634,328.9545,-86.55033,348.55338,-96.79733,366.75867,-103.13686,382.88284,-105.54307,395.98196,-103.928925,405.8598,-98.0645,412.15726,-87.531944,414.94745,-71.38049,413.78006,-53.994907,409.77716,-32.63082,403.60568,-9.116941,394.71457,15.6036,383.6193,38.42016,373.30597,58.27772,364.91595,74.402504,359.1274,85.87076,356.3452,91.87752
32^6000^sgd-4,-289.1593,-91.35087,-290.0379,-90.768234,-291.97458,-89.4046,-294.95227,-87.60507,-298.35764,-85.17901,-301.29932,-81.94901,-303.01434,-79.552574,-303.07065,-78.89114,-301.9886,-80.16766,-299.63464,-83.21982,-295.2701,-87.72347,-288.0372,-93.2696,-276.0299,-97.06342,-263.0761,-97.97566,-249.37636,-99.19067,-238.53572,-102.02205,-230.75858,-102.24921,-222.18214,-104.41258,-199.9942,-109.15382,-182.38551,-110.89517,-146.44348,-117.60814,-117.131805,-122.50194,-71.745026,-126.99607,-19.444832,-133.75308,36.326763,-145.23137,90.81063,-156.12338,142.05173,-156.44418,187.77055,-156.55005,220.43452,-149.9089,242.82915,-140.49167
32^6000^sgd-5,-95.917534,196.38828,-96.232216,200.70734,-99.31549,210.55397,-96.941986,222.58276,-93.01047,225.55733,-87.36068,228.1506,-82.28498,230.69553,-77.16537,231.26257,-70.95992,230.80014,-62.556328,226.0994,-60.07411,253.65038,-56.344208,316.23337,-58.966488,217.3425,-62.622643,160.54134,-64.23598,143.7755,-80.741844,119.81374,-110.12953,96.16965,305.20874,58.179836,1083.2216,-20.737997,320.22617,45.99828,-37.3311,73.12985,18.230347,123.690636,42.81192,171.66006,72.27067,176.50716,89.975426,180.91788,103.31411,185.11436,112.39704,187.39589,117.458466,188.73903,122.21558,190.29639,123.98582,190.59216
32^6000^sgd-6,-184.39131,-48.192276,-186.39775,-52.430725,-189.80373,-59.617893,-194.17628,-68.5046,-199.30281,-78.36142,-204.6855,-88.72203,-210.33469,-99.16507,-216.17593,-109.09962,-222.38647,-118.27924,-229.07462,-126.59975,-236.28749,-134.32256,-243.91513,-141.78827,-251.86327,-149.14308,-259.1842,-156.03223,-266.0089,-162.71486,-272.83075,-169.13463,-278.77094,-174.4965,-284.56232,-179.46162,-290.224,-184.05763,-295.71014,-188.34076,-300.98773,-192.33873,-305.86606,-195.97708,-310.30338,-199.2362,-314.1191,-202.06982,-317.07608,-204.21136,-319.27298,-205.62148,-323.0036,-206.9622,-325.38098,-209.2362,-326.8036,-210.67273,-327.48764,-211.35034
32^6000^sgd-7,-212.59091,-123.649445,-208.4965,-124.297554,-200.79898,-125.76518,-190.61176,-128.5344,-178.64807,-132.7847,-165.12347,-138.42143,-150.70555,-146.00491,-133.94522,-155.48567,-114.411095,-166.11932,-92.41951,-178.85588,-70.12206,-192.27701,-45.703983,-206.76317,-29.013672,-224.78438,-13.119523,-237.12843,1.2941973,-240.34598,13.867446,-240.47585,24.64054,-237.52737,34.19288,-231.65103,41.68686,-223.55766,48.385746,-211.93073,53.99923,-196.04764,56.128323,-170.80772,-180.10931,224.68599,58.877937,-130.37372,58.604076,-113.78177,61.792557,-103.314514,68.40039,-97.40167,74.15371,-93.96181,78.39363,-92.17009,80.58391,-90.7851
32^6000^sgd-8,220.6919,36.473007,218.85915,37.468674,214.5239,38.934055,207.04614,41.635956,198.58025,49.095142,191.0258,58.031216,185.34393,69.28315,180.02473,80.947044,176.66254,93.33393,174.22717,107.30303,172.4038,125.609276,166.64645,133.39584,158.08617,144.70395,155.52576,160.53772,153.37587,170.53523,150.44958,178.91315,145.12471,185.55936,140.54579,193.1383,136.34026,201.53656,132.10913,209.99944,127.80193,218.4155,123.30857,226.42465,119.17541,233.79579,115.67623,240.1648,112.78556,245.43796,110.75605,249.74384,108.91477,253.25745,107.86474,256.12732,107.22226,258.09073,107.07959,259.22107
32^6000^sgd-9,13.203333,-137.03343,15.377819,-140.50978,19.729185,-147.23862,27.753494,-156.50507,38.601418,-165.89008,50.99203,-176.12865,63.788364,-186.50633,77.03331,-198.06705,92.43941,-218.51678,103.58115,-259.09415,106.28183,-280.24045,95.642456,-297.0579,100.33968,-317.2128,103.14399,-320.23962,103.38758,-325.8418,103.005165,-325.2845,115.72644,-311.92648,116.378975,-304.72086,111.40032,-304.9248,103.22042,-301.3608,94.81852,-297.7664,78.94568,-295.775,64.91208,-294.9935,56.106102,-301.1008,46.040432,-304.63297,35.548054,-309.1825,22.947296,-311.53436,11.741579,-311.12973,3.264923,-306.87762,-0.20545518,-304.60657
32^6000^adam-0,-71.15846,273.63852,-69.8818,273.7763,-67.00987,273.7643,-63.33901,273.99118,-60.0646,274.90738,-58.013863,276.26773,-57.590725,278.04486,-59.186462,278.40613,-63.063065,276.57855,-69.57378,273.4322,-75.01728,275.6936,-76.45641,277.38205,-75.927444,278.28073,-74.05814,277.2939,-70.56739,273.1899,-65.130424,268.84412,-43.590485,267.80762,7.278345,277.93842,10.161335,276.44077,6.939567,274.9808,6.563919,275.2165,6.6948204,280.0863,-50.85773,272.20654,-66.42613,275.0129,-62.431656,281.18176,-56.53613,286.05515,-51.278847,289.55457,-47.01111,291.68857,-44.056374,292.9238,-42.628735,293.50778
32^6000^adam-1,-36.564465,47.584373,-39.82852,47.46221,-45.96935,47.147415,-53.78559,46.920914,-63.545544,47.082115,-74.53163,48.093433,-81.97832,45.505238,-96.0262,41.090717,-112.65219,35.685146,-135.8287,30.610281,-155.86798,30.748257,-173.32152,29.672705,-185.07576,26.68634,-190.97095,20.884256,-210.33571,6.1487966,-238.24496,-3.2257829,-246.50055,-15.630369,-258.08057,-21.534575,-249.02383,-31.909643,-248.96303,-40.80152,-249.48717,-49.32439,-249.41168,-59.319534,-244.43843,-69.251305,-239.4781,-80.6344,-233.92235,-95.188065,-232.95047,-111.46243,-235.34932,-125.136696,-238.51633,-135.24797,-241.04915,-141.84758,-242.50755,-145.16275
32^6000^adam-2,-161.42549,-86.2324,-153.71512,-85.00067,-139.5482,-83.87384,-119.9765,-82.98811,-94.83006,-79.91982,-68.75002,-72.58136,-40.30404,-66.84324,-16.818098,-63.799107,10.048746,-58.341213,34.86095,-47.763035,53.52495,-32.16812,66.79098,-17.790098,74.26165,-7.9719067,79.25805,1.5039732,891.3277,846.08777,69.44653,15.809947,50.0381,13.12521,16.828857,41.31984,-36.94072,220.90836,-66.499954,197.89116,-105.042145,216.07419,-115.889015,48.2352,-150.35591,18.80302,-189.97797,18.876026,-225.52011,20.718153,-256.12814,21.625511,-280.20056,23.31851,-298.00192,25.57307,-310.32144,26.270779,-316.16788,26.027187
32^6000^adam-3,96.16226,271.34763,94.5796,268.6498,91.87722,263.6933,87.71297,256.22916,82.687164,244.59012,77.91354,229.03885,73.92787,209.57489,70.55143,185.61116,64.769196,158.78549,54.5877,142.50801,49.93827,123.4214,47.468494,99.21507,46.06424,78.29285,45.30851,51.53434,52.299145,20.803423,61.78265,-22.44145,127.97261,-155.84343,242.48769,-351.08325,139.99019,-238.54143,77.72533,-239.0861,87.21598,-221.9073,86.13053,-251.90205,89.11113,-205.2265,83.94768,-152.70023,65.676056,-131.11845,38.023956,-113.5994,10.96555,-92.428955,-7.8687205,-76.61453,-26.254261,-65.70344,-38.645493,-59.829567
32^6000^adam-4,230.4251,-73.41223,234.73103,-74.42821,246.18977,-75.626854,264.36963,-74.00978,284.98413,-60.234795,297.1228,-43.311306,304.63107,-26.076622,302.31186,-2.3632405,289.20004,15.302162,272.17432,30.171974,248.87553,40.132225,212.90396,46.425396,176.7246,48.723904,147.01584,41.761024,207.30687,-9.622208,136.47581,37.863552,124.02252,10.41339,38.714436,-40.348026,5.9621525,-74.110794,-7.738065,-106.18481,-20.35125,-135.23727,-37.104267,-160.1675,-57.12808,-167.32323,-72.6885,-168.4242,-80.269196,-166.12926,-84.48251,-162.19693,-89.60284,-154.82208,-95.630424,-146.9547,-102.452896,-136.72113,-106.28041,-128.31267
32^6000^adam-5,-362.26007,0.15927345,-360.77896,1.0505531,-357.5574,2.7837784,-352.54367,5.3625407,-345.9313,8.5270815,-337.71384,11.848444,-328.18005,15.345547,-316.7883,17.944946,-302.98624,19.066467,-287.1739,19.029022,-270.25574,18.393991,-251.76045,16.82902,-230.01099,12.360851,-206.46237,10.067803,-162.6806,19.020958,-109.29917,24.865152,-30.721647,25.145227,51.532543,34.832268,98.48788,51.08293,158.50868,89.9951,195.16878,105.44681,246.58922,125.05774,249.39531,167.5438,241.81181,211.80908,244.8279,240.20659,247.09961,261.35617,247.1702,277.69714,245.37213,289.28925,243.14038,296.18146,241.08807,299.59952
32^6000^adam-6,109.45366,31.15785,104.838234,25.643778,99.477295,21.779053,95.23318,21.284395,88.90917,17.771532,81.97746,18.990072,77.608315,20.812405,75.80513,23.029701,78.00116,30.120333,81.285095,43.721355,91.00145,59.28356,101.854004,78.478264,119.39726,91.924904,146.6027,106.734024,178.16895,108.98238,210.81912,86.88268,239.45735,83.16692,313.83356,75.17426,381.23163,94.73342,297.87006,73.88753,350.42633,67.00683,237.5978,39.326538,138.18744,15.245499,105.271194,1.6539958,83.08673,-5.7910004,63.55387,-6.9221244,48.995586,2.1664567,47.06807,11.620477,48.5733,16.209204,49.848778,18.067379
32^6000^adam-7,152.37665,-287.58472,156.06664,-285.16122,162.3715,-280.37122,170.02567,-274.01947,177.37985,-266.2539,184.6007,-255.30666,189.06285,-240.92232,184.35565,-221.56584,173.03302,-199.89226,164.36319,-177.31802,162.89577,-140.07784,155.74414,-115.89974,148.97261,-83.771095,111.621185,-48.297092,56.98771,-56.00409,92.51169,-35.070766,65.90313,-16.937767,116.34859,-4.846195,42.371582,11.2671795,158.55405,11.371714,-394.84262,-37.91547,-1258.7981,-158.2421,-166.36264,-44.94607,355.81128,3.7529871,359.8314,-2.7742202,358.1743,-6.9843283,355.36902,-10.11944,352.64035,-12.472405,350.59552,-14.080089,349.6033,-14.920653
32^6000^adam-8,18.976406,-283.29694,19.490253,-283.14035,20.430992,-282.25095,21.162905,-279.15216,20.993286,-274.80615,19.922886,-269.3751,18.270613,-263.52643,15.791415,-256.4536,12.698649,-247.7095,8.725195,-236.87427,3.3830557,-223.70303,-2.5765545,-208.47276,-7.449961,-191.04547,-10.678107,-174.49551,-14.936432,-162.90135,-17.327724,-153.26613,-20.396164,-143.55403,-23.979818,-140.28159,-27.029636,-139.61029,-35.47225,-135.64796,-43.565853,-133.86584,-43.30551,-134.8572,-39.848778,-148.20035,-44.104687,-156.54407,-44.04171,-168.17682,-44.756336,-178.16116,-46.165703,-183.64217,-48.40711,-186.77989,-49.85484,-188.99586,-50.00209,-190.34659
32^6000^adam-9,-184.68254,26.181152,-180.98299,27.675812,-173.80002,31.332829,-164.33034,39.040253,-159.70856,52.273537,-160.90474,61.152534,-161.23775,68.759415,-158.09909,75.79208,-150.03189,82.756874,-140.17001,90.208824,-123.18208,93.22412,-112.28395,92.02321,-106.10723,90.95374,-94.43627,86.07464,-87.55618,84.731895,-67.36955,76.55061,-48.17198,64.638054,-60.596294,88.21963,-68.353165,112.97325,-40.561375,138.76775,-36.795845,120.40974,-27.542786,130.50424,-17.270224,143.3955,-6.939233,151.553,4.2523994,157.2771,14.549933,162.66954,24.99693,165.5335,32.978584,167.0229,37.38067,167.22389,39.054386,167.03574
